﻿"Cube Title","Product Id","CANSIM Id",URL,"Cube Notes","Archive Status",Frequency,"Start Reference Period","End Reference Period","Total number of dimensions"
"Divorces, by duration of marriage",39100037,101-6519,"https://www150.statcan.gc.ca/t1/tbl1/en/tv.action?pid=3910003701",1,"CURRENT - a cube available to the public and that is current",Annual,2004-01-01,2005-01-01,2

"Dimension ID","Dimension name","Dimension Notes","Dimension Definitions"
1,"Geography, place of occurrence",,
2,"Duration of marriage",,

"Dimension ID","Member Name","Classification Code","Member ID","Parent Member ID",Terminated,"Member Notes","Member Definitions"
1,"Canada, place of occurrence",11124,1,,,,
1,"Newfoundland and Labrador, place of occurrence",10,2,1,,,
1,"Prince Edward Island, place of occurrence",11,3,1,,,
1,"Nova Scotia, place of occurrence",12,4,1,,,
1,"New Brunswick, place of occurrence",13,5,1,,,
1,"Quebec, place of occurrence",24,6,1,,,
1,"Ontario, place of occurrence",35,7,1,,,
1,"Manitoba, place of occurrence",46,8,1,,,
1,"Saskatchewan, place of occurrence",47,9,1,,,
1,"Alberta, place of occurrence",48,10,1,,,
1,"British Columbia, place of occurrence",59,11,1,,,
1,"Yukon, place of occurrence",60,12,1,,,
1,"Northwest Territories, place of occurrence",61,14,1,,,
1,"Nunavut, place of occurrence",62,15,1,,,
2,"Year of marriage, all years",,1,,,,
2,"Duration of marriage, under 1 year",,2,1,,,
2,"Duration of marriage, 1 to 4 years",,3,1,,,
2,"Duration of marriage, 1 year",,4,3,,,
2,"Duration of marriage, 2 years",,5,3,,,
2,"Duration of marriage, 3 years",,6,3,,,
2,"Duration of marriage, 4 years",,7,3,,,
2,"Duration of marriage, 5 to 9 years",,8,1,,,
2,"Duration of marriage, 5 years",,9,8,,,
2,"Duration of marriage, 6 years",,10,8,,,
2,"Duration of marriage, 7 years",,11,8,,,
2,"Duration of marriage, 8 years",,12,8,,,
2,"Duration of marriage, 9 years",,13,8,,,
2,"Duration of marriage, 10 to 14 years",,14,1,,,
2,"Duration of marriage, 10 years",,15,14,,,
2,"Duration of marriage, 11 years",,16,14,,,
2,"Duration of marriage, 12 years",,17,14,,,
2,"Duration of marriage, 13 years",,18,14,,,
2,"Duration of marriage, 14 years",,19,14,,,
2,"Duration of marriage, 15 to 19 years",,20,1,,,
2,"Duration of marriage, 15 years",,21,20,,,
2,"Duration of marriage, 16 years",,22,20,,,
2,"Duration of marriage, 17 years",,23,20,,,
2,"Duration of marriage, 18 years",,24,20,,,
2,"Duration of marriage, 19 years",,25,20,,,
2,"Duration of marriage, 20 to 24 years",,26,1,,,
2,"Duration of marriage, 20 years",,27,26,,,
2,"Duration of marriage, 21 years",,28,26,,,
2,"Duration of marriage, 22 years",,29,26,,,
2,"Duration of marriage, 23 years",,30,26,,,
2,"Duration of marriage, 24 years",,31,26,,,
2,"Duration of marriage, 25 to 29 years",,32,1,,,
2,"Duration of marriage, 25 years",,33,32,,,
2,"Duration of marriage, 26 years",,34,32,,,
2,"Duration of marriage, 27 years",,35,32,,,
2,"Duration of marriage, 28 years",,36,32,,,
2,"Duration of marriage, 29 years",,37,32,,,
2,"Duration of marriage, 30 to 34 years",,38,1,,,
2,"Duration of marriage, 35 to 39 years",,39,1,,,
2,"Duration of marriage, 40 to 44 years",,40,1,,,
2,"Duration of marriage, 45 to 49 years",,41,1,,,
2,"Duration of marriage, 50 years and over",,42,1,,,
2,"Duration of marriage, not stated",,43,1,,,

Symbol Legend
Description,Symbol
"not available for a specific reference period",..
"less than the limit of detection",<LOD
"value rounded to 0 (zero) where there is a meaningful distinction between true zero and the value that was rounded",0s
"data quality: excellent",A
"data quality: very good",B
"data quality: good",C
"data quality: acceptable",D
"use with caution",E
"too unreliable to be published.",F
"not applicable",...
preliminary,p
revised,r
"suppressed to meet the confidentiality requirements of the Statistics Act",x
terminated,t

"Survey Code","Survey Name"
3235,"Vital Statistics - Divorce Database"

"Subject Code","Subject Name"
39,"Families, households and housing"

"Note ID",Note
1,"Source: Statistics Canada, Canadian Vital Statistics, Divorce Database"

"Correction ID","Correction Date","Correction Note"

