﻿"Cube Title","Product Id","CANSIM Id",URL,"Cube Notes","Archive Status",Frequency,"Start Reference Period","End Reference Period","Total number of dimensions"
"Divorces, by reason for marital breakdown",39100034,101-6516,"https://www150.statcan.gc.ca/t1/tbl1/en/tv.action?pid=3910003401",1,"CURRENT - a cube available to the public and that is current",Annual,2004-01-01,2005-01-01,2

"Dimension ID","Dimension name","Dimension Notes","Dimension Definitions"
1,"Geography, place of occurrence",,
2,"Reason for marital breakdown",,

"Dimension ID","Member Name","Classification Code","Member ID","Parent Member ID",Terminated,"Member Notes","Member Definitions"
1,"Canada, place of occurrence",11124,1,,,,
1,"Newfoundland and Labrador, place of occurrence",10,2,1,,,
1,"Prince Edward Island, place of occurrence",11,3,1,,,
1,"Nova Scotia, place of occurrence",12,4,1,,,
1,"New Brunswick, place of occurrence",13,5,1,,,
1,"Quebec, place of occurrence",24,6,1,,,
1,"Ontario, place of occurrence",35,7,1,,,
1,"Manitoba, place of occurrence",46,8,1,,,
1,"Saskatchewan, place of occurrence",47,9,1,,,
1,"Alberta, place of occurrence",48,10,1,,,
1,"British Columbia, place of occurrence",59,11,1,,,
1,"Yukon, place of occurrence",60,12,1,,,
1,"Northwest Territories, place of occurrence",61,14,1,,,
1,"Nunavut, place of occurrence",62,15,1,,,
2,"Total, reason for marital breakdown",,1,,,2;3,
2,"Reason for marital breakdown, separation for at least one year",,2,1,,,
2,"Reason for marital breakdown, adultery",,3,1,,,
2,"Reason for marital breakdown, physical cruelty",,4,1,,,
2,"Reason for marital breakdown, mental cruelty",,5,1,,,

Symbol Legend
Description,Symbol
"not available for a specific reference period",..
"less than the limit of detection",<LOD
"value rounded to 0 (zero) where there is a meaningful distinction between true zero and the value that was rounded",0s
"data quality: excellent",A
"data quality: very good",B
"data quality: good",C
"data quality: acceptable",D
"use with caution",E
"too unreliable to be published.",F
"not applicable",...
preliminary,p
revised,r
"suppressed to meet the confidentiality requirements of the Statistics Act",x
terminated,t

"Survey Code","Survey Name"
3235,"Vital Statistics - Divorce Database"

"Subject Code","Subject Name"
39,"Families, households and housing"

"Note ID",Note
1,"Source: Statistics Canada, Canadian Vital Statistics, Divorce Database"
2,"Only one reason for divorce was captured by the system in 2004 and 2005. While multiple reasons may have been cited when the application was made, only one was retained in the system. Prior to 2004, the total number of reasons exceeded the number of divorces because some divorces involved more than one reason for divorce."
3,"This total only represents the reasons for marital breakdown for divorces granted under the Divorce Act of 1985. In 2004 and 2005, there were, respectably, 36 and 28 divorces granted under the Divorce Act of 1968, which are not included here because, at the time of the divorce application, the grounds for divorce differed significantly."

"Correction ID","Correction Date","Correction Note"

