﻿"Cube Title","Product Id","CANSIM Id",URL,"Cube Notes","Archive Status",Frequency,"Start Reference Period","End Reference Period","Total number of dimensions"
"Vital statistics, divorces",39100008,053-0002,"https://www150.statcan.gc.ca/t1/tbl1/en/tv.action?pid=3910000801",,"ARCHIVED -  a cube publicly available but no longer being updated",Annual,1970-01-01,2003-01-01,2

"Dimension ID","Dimension name","Dimension Notes","Dimension Definitions"
1,Geography,,
2,Divorces,,

"Dimension ID","Member Name","Classification Code","Member ID","Parent Member ID",Terminated,"Member Notes","Member Definitions"
1,Canada,,1,,,,
1,"Newfoundland and Labrador",,2,1,,,
1,"Prince Edward Island",,3,1,,,
1,"Nova Scotia",,4,1,,,
1,"New Brunswick",,5,1,,,
1,Quebec,,6,1,,,
1,Ontario,,7,1,,,
1,Manitoba,,8,1,,,
1,Saskatchewan,,9,1,,,
1,Alberta,,10,1,,,
1,"British Columbia",,11,1,,,
1,Yukon,,12,1,,,
1,"Northwest Territories including Nunavut",,13,1,t,,
1,"Northwest Territories",,14,1,,,
1,Nunavut,,15,1,,,
2,Divorces,,1,,,,

Symbol Legend
Description,Symbol
"not available for a specific reference period",..
"less than the limit of detection",<LOD
"value rounded to 0 (zero) where there is a meaningful distinction between true zero and the value that was rounded",0s
"data quality: excellent",A
"data quality: very good",B
"data quality: good",C
"data quality: acceptable",D
"use with caution",E
"too unreliable to be published.",F
"not applicable",...
preliminary,p
revised,r
"suppressed to meet the confidentiality requirements of the Statistics Act",x
terminated,t

"Survey Code","Survey Name"
3235,"Vital Statistics - Divorce Database"

"Subject Code","Subject Name"
39,"Families, households and housing"

"Note ID",Note

"Correction ID","Correction Date","Correction Note"

